name,float,purchase price,sell price,gross income,net income,total income
c5提现,,0,0,0,-367,-367
buff提现,,0,0,0,-19,-386
悠悠提现,,0,0,0,-2571,-2957
系绳匕首-枯焦之色,破损不堪,560,585,570,10,-2947
改名卡,,10.1,0,-10.1,-20.2,-2967.2
p90-阿西莫夫,战痕累累,27.99,28,27.3,-0.69,-2967.89
aug-动量,战痕累累,12.78,13.6,13.6,0.82,-2967.07
sg553-次世代,破损不堪,44,46.3,45.14,1.14,-2965.93
加利尔-迷人眼,破损不堪,16.17,20.6,20.6,4.43,-2961.5
法玛斯-防滚架,久经沙场,13,11.8,11.8,-1.2,-2962.7
ak47-夜愿,久经沙场,65,62,60.45,-4.55,-2967.25
m4a1-印花集,战痕累累,690,655,655,-35,-3002.25
弯刀-自由之手,久经沙场,908,900,877,-31,-3033.25
sg553-暗翼,略有磨损,10.08,9.5,9.5,-0.58,-3033.83
沙漠之鹰-沙漠之狐,久经沙场,1129,1095,1095,-34,-3067.83
印花-莲花,,31.3,31.3,31.3,0,-3067.83
p90-喵之萌杀,久经沙场,187.9,194,194,6.1,-3061.73
格洛克-摩登时代,久经沙场,38.88,38.88,38.88,0,-3061.73
爪子刀-大马士革钢,久经沙场,5030,5148,5148,118,-2943.73
沙漠之鹰-沙漠之狐,久经沙场,1090,1090,1090,0,-2943.73
m4a1-印花集,久经沙场,1059.5,1080,1080,20.5,-2923.23
专业手套-渐变之色,破损不堪,1658.5,1630,1630,-28.5,-2951.73
p90-阿西莫夫,战痕累累,22.7,31.5,31.5,8.8,-2942.93
蝴蝶刀-传说,战痕累累,5440,5425,5425,-15,-2957.93
沙漠之鹰-沙漠之狐,久经沙场 ,1060,1032,1032,-28,-2985.93
沙漠之鹰-沙漠之狐,久经沙场,1050,1036,1036,-14,-2999.93
沙漠之鹰-沙漠之狐,久经沙场,1020,1085,1057.87,37.87,-2962.06
蝴蝶刀-传说,战痕累累,5570,5582,5582,12,-2950.06
沙漠之鹰-沙漠之狐,略有磨损,1530,1580,1580,50,-2900.06
专业手套-陆军少尉长官,久经沙场,1075,1135,1106.62,31.62,-2868.44
蝴蝶刀-传说,破损不堪,6456,6550,6550,94,-2774.44
m4a4-反冲精英,久经沙场,80.59,72,72,-8.59,-2783.03
蝴蝶刀-传说,战痕累累,5420,5550,5550,130,-2653.03
蝴蝶刀-传说,战痕累累,5400,5535,5535,135,-2518.03
蝴蝶刀-传说,久经沙场,8350,8460,8375.4,25.4,-2492.63
m4a1-伊卡洛斯陨落,略有磨损,3245,3255,3255,10,-2482.63
爪子刀-大马士革钢,久经沙场,5130,5215,5215,85,-2397.63
蝴蝶刀-渐变大理石,崭新出厂,14339.5,14280,14280,-59.5,-2457.13
蝴蝶刀-渐变大理石,崭新出厂,14020,14450,14305.5,285.5,-2171.63
新星-暴怒野兽,久经沙场,98,100,100,2,-2169.63
短剑-渐变大理石,崭新出厂,3620,3645,3608.55,-11.45,-2181.08
m4a1-印花集(st),崭新出厂,5889.5,5910,5910,20.5,-2160.58
专业手套-渐变大理石,久经沙场,2849.5,2925,2925,75.5,-2085.08
运动手套-超导体,破损不堪,12088,12710,12710,622,-1463.08
mac-10-表面淬火,战痕累累,160,180.34,171,11,-1452.08
mp9-星使,崭新出厂,96.3,98,98,1.7,-1450.38
awp-九头金蛇,战痕累累,8210,8350,8350,140,-1310.38
沙漠之鹰-沙漠之狐,崭新出厂,2478.5,2560,2496,17.5,-1292.88
沙漠之鹰-沙漠之狐,久经沙场,1110,1131,1108,-2,-1294.88
驾驶手套-王蛇,略有磨损,8150,8060,8060,-90,-1384.88
cz75-相柳,崭新出厂,300,329,322.42,22.42,-1362.46
沙漠之鹰-沙漠之狐,久经沙场,1080,1110,1110,30,-1332.46
摩托手套-清凉薄荷,略有磨损,4860,5070,5070,210,-1122.46
沙漠之鹰-沙漠之狐,崭新出厂,2730,2800,2800,70,-1052.46
专业手套-渐变之色,略有磨损,6700,6890,6890,190,-862.46
沙漠之鹰-沙漠之狐,崭新出厂,2740,2800,2800,60,-802.46
摩托手套-薄荷,破损不堪,8920,9030,9030,110,-692.46
沙漠之鹰-沙漠之狐,战痕累累,825,835,825,0,-692.46
沙漠之鹰-沙漠之狐,崭新出厂,2390,2468,2468,78,-614.46
沙漠之鹰-沙漠之狐,崭新出厂,2500,2566,2514.68,14.68,-599.78
挂件-金属awp,,45,,,-45,-644.78
tec9-燃料喷射器,久经沙场,25.2,29.2,29.2,4,-640.78
cz75-维多利亚,崭新出厂,59.8,66.28,64.9544,5.15,-635.63
蝴蝶刀-自动化,战痕累累,7460,7585,7585,125,-510.63
mp9-黑暗时代,崭新出厂,95.14,99,99,3.86,-506.77
蝴蝶刀-自动化,久经沙场 ,9900,10030,9929.7,29.7,-477.07
弯刀-自由之手,崭新出厂,1990,4000,3920,1930,1452.93
裹手-套印,久经沙场,1378.88,1414,1414,35.12,1488.05
沙漠之鹰-沙漠之狐,崭新出厂,2490,2585,2520.37,30.37,1518.42
弯刀-绿宝石,崭新出厂,6700,6780,6780,80,1598.42
法玛斯-雅典娜之眼,久经沙场 ,34.66,38,37.62,2.96,1601.38
暗影双匕-黑色层压板,崭新出厂,1300,1600,1568,268,1869.38
沙漠之鹰-沙漠之狐,略有磨损,1580,1640,1624,44,1913.38
法玛斯-雅典娜之眼,久经沙场,32.7,34.2,34.2,1.5,1914.88
折刀-枯焦之色,崭新出厂,1388,1574,1542.52,154.52,2069.4
短剑-枯焦之色,崭新出厂,2840,3500,3465,625,2694.4
摩托手套-boom,崭新出厂,5300,6017,5896.66,596.66,3291.06
m4a4-反冲精英,久经沙场,90,90.24,88.4352,-1.56,3289.5
蝴蝶刀-自动化,战痕累累,7350,7595,7595,245,3534.5
摩托手套-boom,崭新出厂,5750,6532,6401.36,651.36,4185.86
摩托手套-boom,破损不堪,1010,1140,1117.2,107.2,4293.06
摩托手套-玳瑁,久经沙场,795,797,797,2,4295.06
ak47-夜愿,崭新出厂,407.5,418,408.5,1,4296.06
沙漠之鹰-印花集,久经沙场,211,211,211,0,4296.06
awp-镀铬大炮,战痕累累,175,180,175.5,0.5,4296.56
弯刀-渐变大理石,崭新出厂,1840,1890,1890,50,4346.56
专业手套-渐变大理石,久经沙场,1785,1775,1775,-10,4336.56
沙漠之鹰-沙漠之狐,略有磨损,1560,1670,1628.25,68.25,4404.81
名称标签,,9.38,0,0,-9.38,4395.43
名称标签,,9.38,0,0,-9.38,4386.05
m4a1-黑莲花,战痕累累,83,83,83,0,4386.05
名称标签,,9.64,0,0,-9.64,4376.41
印花-凝视之眼,,180,180,180,0,4376.41
弯刀-伽玛多普勒,崭新出厂,2610,2640,2640,30,4406.41
丛林反抗者-精锐分子,,64.4,125,123.75,59.35,4465.76
第三特种兵连-德国特种部队突击队,,43,66,65.34,22.34,4488.1
裹手-套印,久经沙场,1400,1415,1415,15,4503.1
awp-迷人眼,久经沙场,38.36,40,40,1.64,4504.74
弯刀-多普勒,崭新出厂,2680,2812.14,2812.14,132.14,4636.88
名称标签,,9.67,0,0,-9.67,4627.21
摩托手套-日蚀,久经沙场,1028.5,1020,1020,-8.5,4618.71
m4a1-印花集,久经沙场,1082,1080,1080,-2,4616.71
蝴蝶刀-传说,战痕累累,5350,5465,5465,115,4731.71
mp7-渐变之色,崭新出厂,400,400,400,0,4731.71
专业手套-陆军少尉长官,久经沙场,1097.5,1115,1115,17.5,4749.21
专业手套-陆军少尉长官,久经沙场,1095,1110,1110,15,4764.21
双持贝瑞塔-决斗家,崭新出厂,870,930,930,60,4824.21
沙漠之鹰-沙漠之狐,久经沙场,1050,1070,1070,20,4844.21
cz75-相柳,崭新出厂,75,95.6,95.6,20.6,4864.81
运动手套-欧米伽,久经沙场,2836.5,2910,2837.25,0.75,4865.56
沙漠之鹰-沙漠之狐,崭新出厂,2530,2570,2570,40,4905.56
p90-喵之萌杀,略有磨损,295,295,295,0,4905.56
fn57-怒氓,久经沙场,16.66,15.9,15.9,-0.76,4904.8
宙斯电击枪-奥林匹斯,战痕累累,93.3,93.3,93.3,0,4904.8
运动手套-欧米伽,久经沙场,2820,2822,2822,2,4906.8
沙漠之鹰-沙漠之狐,崭新出厂,3440,3700,3663,223,5129.8
p90-喵之萌杀,略有磨损,286,309.42,309.42,23.42,5153.22
蝴蝶刀-传说,战痕累累,5910,5920,5920,10,5163.22
运动手套-欧米伽,久经沙场 ,2820,2870,2798,-22,5141.22
弯刀-渐变大理石,崭新出厂,3500,5364.04,5256.7592,1756.76,6897.98
沙漠之鹰-沙漠之狐,崭新出厂,2630,2610,2610,-20,6877.98
专业手套-渐变大理石,久经沙场,1744,1760,1760,16,6893.98
专业手套-渐变大理石,略有磨损,5280,5295,5295,15,6908.98
沙漠之鹰-沙漠之狐,崭新出厂,2490,2490,2465.1,-24.9,6884.08
沙漠之鹰-沙漠之狐,崭新出厂,2516.5,2580,2515.5,-1,6883.08
沙漠之鹰-沙漠之狐,崭新出厂,2527,2515,2515,-12,6871.08
专业手套-渐变大理石,久经沙场,3010,3100,3022.5,12.5,6883.58
沙漠之鹰-沙漠之狐,崭新出厂,3300,3368,3368,68,6951.58
名称标签,,9.04,0,0,-9.04,6942.54
法玛斯-奈芙蒂斯之河,崭新出厂,471,497.95,487.991,16.99,6959.53
加利尔-彩虹勺,崭新出厂,500,530,516.75,16.75,6976.28
sg553-电子脉冲(st),略有磨损,59.9,72,72,12.1,6988.38
双持贝瑞塔-毒蛇袭击,崭新出厂,340,322,322,-18,6970.38
tec9-屠杀者,久经沙场,73.02,80.12,78.5176,5.5,6975.88
fn57-童话城堡,久经沙场,138,140,140,2,6977.88
内格夫-动力装载机,崭新出厂,39.35,45,45,5.65,6983.53
ump45-黑色魅影,久经沙场 ,70,48,48,-22,6961.53
短剑-渐变大理石,崭新出厂,3535,3535,3535,0,6961.53
专业手套-渐变大理石,久经沙场,2840,2930,2856.75,16.75,6978.28
短剑-渐变大理石,崭新出厂,3560,3560,3560,0,6978.28
沙漠之鹰-沙漠之狐,崭新出厂,3200,3240,3240,40,7018.28
新星-晶红石英,崭新出厂,44.78,47.6,47.6,2.82,7021.1
专业手套-渐变大理石,久经沙场,2850,2865,2865,15,7036.1
cz75-维多利亚,崭新出厂,56,55,55,-1,7035.1
加利尔-凤凰冥灯,崭新出厂,490,550,536.25,46.25,7081.35
尼泊尔-表面淬火,久经沙场,1838.93,1820,1774,-64.93,7016.42
awp-野火,久经沙场,353,362,362,9,7025.42
沙漠之鹰-沙漠之狐,崭新出厂,2611,2680,2653.2,42.2,7067.62
尼泊尔-表面淬火,破损不堪,2700,2600,2600,-100,6967.62
名称标签,,9.01,0,0,-9.01,6958.61
沙漠之鹰-沙漠之狐,崭新出厂,3170,3205,3205,35,6993.61
摩托手套-薄荷,战痕累累,5000,5534.4,5257.68,257.68,7251.29
专业手套-渐变大理石,久经沙场,2835,2880,2880,45,7296.29
m4a1-印花集,崭新出厂,3370.9,3375,3375,4.1,7300.39
双持贝瑞塔-血红蛋白,崭新出厂,52.99,55,55,2.01,7302.4
awp-黑色魅影,崭新出厂,202,205,205,3,7305.4
尼泊尔-表面淬火,略有磨损,4600,4000,3900,-700,6605.4
r8-渐变之色,久经沙场,46,46.9,46.9,0.9,6606.3
法玛斯-奈芙蒂斯之河,崭新出厂,464.98,494.46,484.5708,19.59,6625.89
沙漠之鹰-沙漠之狐,崭新出厂,2610,2629,2629,19,6644.89
sg553-电子脉冲,略有磨损,39.1,39,39,-0.1,6644.79
awp-镀铬大炮,久经沙场,330,315,315,-15,6629.79
沙漠之鹰-沙漠之狐,崭新出厂,2458,2459,2459,1,6630.79
沙漠之鹰-沙漠之狐,久经沙场,1095,1102,1102,7,6637.79
名称标签,,9.46,0,0,-9.46,6628.33
沙漠之鹰-沙漠之狐,久经沙场,1299,1310,1310,11,6639.33
tec9-屠杀者,久经沙场,73.02,80.12,78.5176,5.5,6644.83
沙漠之鹰-沙漠之狐,崭新出厂,2480,2469,2469,-11,6633.83
mp9-星使,略有磨损,40.6,40.3,40.3,-0.3,6633.53
摩托手套-薄荷,久经沙场,14160,14100,13747,-413,6220.53
尼泊尔-表面淬火,久经沙场,7050,7200,7200,150,6370.53
名称标签,,9.3,0,0,-9.3,6361.23
沙漠之鹰-沙漠之狐,久经沙场,1082.13,1132.52,1109.8794,27.75,6388.98
摩托手套-清凉薄荷,久经沙场,2640,2650,2623.5,-16.5,6372.48
沙漠之鹰-沙漠之狐,久经沙场,1125.28,1134,1132,6.72,6379.2
沙漠之鹰-沙漠之狐,崭新出厂,2550,2610,2610,60,6439.2
摩托手套-薄荷,战痕累累,2960,3040,2964,4,6443.2
沙漠之鹰-沙漠之狐,崭新出厂,2370,2400,2400,30,6473.2
沙漠之鹰-炽烈之炎,崭新出厂,3900,3900,3900,0,6473.2
沙漠之鹰-沙漠之狐,久经沙场,1080,1120,1120,40,6513.2
mp9-星使,久经沙场,17.9,19.1,19.1,1.2,6514.4
mac-10-潜行者,久经沙场,71.9,78,78,6.1,6520.5
名称标签,,9.44,0,0,-9.44,6511.06
沙漠之鹰-沙漠之狐,崭新出厂,2390,2440,2440,50,6561.06
沙漠之鹰-沙漠之狐,略有磨损,1573,1585,1585,12,6573.06
加利尔-彩虹勺,崭新出厂,439,465,465,26,6599.06
fn57-表面淬火,久经沙场,68,68,68,0,6599.06
p90-喵之萌杀,久经沙场,194,210,210,16,6615.06
法玛斯-奈芙蒂斯之河,崭新出厂,466,473,473,7,6622.06
p250-震中,崭新出厂,123,135,135,12,6634.06
awp-九头金蛇,战痕累累,8118,8431,8262.38,144.38,6778.44
沙漠之鹰-沙漠之狐,久经沙场,1100,1158,1134.84,34.84,6813.28
摩托手套-清凉薄荷,久经沙场,3650,3720,3682.8,32.8,6846.08
法玛斯-奈芙蒂斯之河,崭新出厂,465,530,530,65,6911.08
加利尔-彩虹勺,崭新出厂,455,477,477,22,6933.08
awp-九头金蛇,久经沙场,10245,10654,10654,409,7342.08
p250-阿佩普之咒,崭新出厂,420,435,424.12,4.12,7346.2
挂件-k金t,,264,270.57,264.6,0.6,7346.8
沙漠之鹰-沙漠之狐,崭新出厂,2500,2525,2525,25,7371.8
fn57-怒氓,久经沙场,19.27,20.8,20.8,1.53,7373.33
沙漠之鹰-沙漠之狐,崭新出厂,3199,3510,3545,346,7719.33
印花-落日海洋*5,,165,0,0,-165,7554.33
名称标签,,10.22,0,0,-10.22,7544.11
专业手套-渐变大理石,略有磨损,5180,5180,5231.8,51.8,7595.91
加利尔-彩虹勺,久经沙场 ,324,320,320,-4,7591.91
awp-镀铬大炮,久经沙场,298.4,285,285,-13.4,7578.51
刺刀-渐变大理石,崭新出厂,4080,4170,4065.75,-14.25,7564.26
专业手套-渐变之色,久经沙场,4170,4250,4207.5,37.5,7601.76
专业手套-深红之网,久经沙场,1670,1680,1680,10,7611.76
p250-震中,久经沙场,49.8,54,54,4.2,7615.96
m4a4-皇家圣骑士,崭新出厂,495,489,489,-6,7609.96
名称标签,,10.5,0,0,-10.5,7599.46
专业手套-渐变之色,略有磨损,7006.2,7193,7193,186.8,7786.26
挂件-k金t,,233.3,231,231,-2.3,7783.96
专业手套-深红之网,久经沙场,2440,2530,2466.75,26.75,7810.71
摩托手套-日蚀,久经沙场,1042,1075,1075,33,7843.71
名称标签,,10.9,0,0,-10.9,7832.81
蝴蝶刀-自动化,略有磨损,11830,12120,12120,290,8122.81
mp9-星使,久经沙场,19.2,21.4,21.4,2.2,8125.01
p250-震中,崭新出厂,121,120,120,-1,8124.01
m4a4-合纵,久经沙场,150,246,246,96,8220.01
加利尔-迷人眼,久经沙场,14.9,18,18,3.1,8223.11
名称标签,,11.8,0,0,-11.8,8211.31
cz75-复古圣杯,崭新出厂,585,620,620,35,8246.31
弯刀-红宝石(st),崭新出厂,6450,6846,6709.08,259.08,8505.39
mac-10-渐变迪斯科,久经沙场,15.84,15.84,15.84,0,8505.39
名称标签,,12.9,0,0,-12.9,8492.49
沙漠之鹰-沙漠之狐,略有磨损,1620,1670,1686,66,8558.49
名称标签,,13.6,0,0,-13.6,8544.89
cz75-维多利亚,崭新出厂,69.88,88,88,18.12,8563.01
双持贝瑞塔-血红蛋白,崭新出厂,62.7,64,64,1.3,8564.31
名称标签,,11.09,0,0,-11.09,8553.22
名称标签,,11.06,0,0,-11.06,8542.16
名称标签,,11.1,0,0,-11.1,8531.06
摩托手套-清凉薄荷,久经沙场,2612.91,2720,2692.8,79.89,8610.95
m4a4-荷鲁斯之眼,久经沙场,1153.97,1190,1190,36.03,8646.98
摩托手套-多边形,久经沙场,1157,1220,1220,63,8709.98
usp-猎户,崭新出厂,393,409,409,16,8725.98
usp-疯狂蔓延,略有磨损,170.41,178,178,7.59,8733.57
摩托手套-第三特种兵连,久经沙场,647.26,674,674,26.74,8760.31
awp-红线,略有磨损,501,542,542,41,8801.31
挂件-烤肠酱,,131,134,134,3,8804.31
海豹短刀-渐变之色,崭新出厂,3761,3860,3860,99,8903.31
摩托手套-清凉薄荷,久经沙场,2638,2695,2695,57,8960.31
ak47-表面淬火,久经沙场,1496,1560,1560,64,9024.31
usp-猎户,崭新出厂,400,409,409,9,9033.31
印花-titan 2014,,283,306.5,306.5,23.5,9056.81
法玛斯-奈芙蒂斯之河,久经沙场,172,251,245.98,73.98,9130.79
九头蛇手套-表面淬火,久经沙场,714,753,753,39,9169.79
尼泊尔-原皮,,2457,2555,2491,34,9203.79
p250-震中,久经沙场,49.23,50,50,0.77,9204.56
p250-震中,久经沙场,49.16,50,50,0.84,9205.4
挂件-k金t,,262,300,297,35,9240.4
awp-精英之作,略有磨损,244,255,255,11,9251.4
沙漠之鹰-沙漠之狐,崭新出厂,3261,3330,3330,69,9320.4
awp-镀铬大炮,崭新出厂,861,895.5,895.5,34.5,9354.9
挂件-k金t,,268,285,282,14,9368.9
挂件-k金ct,,134,140,138,4,9372.9
挂件-k金ct,,129,140,138,9,9381.9
印花-niko 2024(gold),,364,372.5,372.5,8.5,9390.4
印花-magixx 2024(gold),,61.9,59.5,59.5,-2.4,9388
印花-zywoo 2024(gold),,206,205,205,-1,9387
awp-镀铬大炮,久经沙场,275,285,285,10,9397
专业手套-深红之网,久经沙场,1693,1780,1762,69,9466
g3sg1-克洛诺斯,崭新出厂,1575,1660,1660,85,9551
沙漠之鹰-纵横波涛(st),略有磨损,662,708,708,46,9597
awp-渐变之色,崭新出厂,6080,6219,6219,139,9736
m4a4-荷鲁斯之眼,久经沙场,1438,1454,1424.92,-13.08,9722.92
挂件-k金t,,276,300,297,21,9743.92
挂件-k金ct,,136,141,139,3,9746.92
沙漠之鹰-沙漠之狐,略有磨损,1598,1675,1675,77,9823.92
g3sg1-克洛诺斯,崭新出厂,1598,1660,1660,62,9885.92
骷髅匕首-渐变之色,崭新出厂,9363,9320,9413,50,9935.92
挂件-k金t,,131.9,146,144.54,12.64,9948.56
m4a4-荷鲁斯之眼,久经沙场,1360,1465,1465,105,10053.56
尼泊尔-人工染色,久经沙场,1350,1420,1420,70,10123.56
海豹短刀-渐变之色,崭新出厂,3842,4000,3960,118,10241.56
awp-镀铬大炮,久经沙场,283,285,285,2,10243.56
m4a4-破晓,崭新出厂,2179,2260,2260,81,10324.56
摩托手套-清凉薄荷,破损不堪,2205,2440,2415.6,210.6,10535.16
awp-九头金蛇,战痕累累,8185,8200,8280,95,10630.16
p250-震中,久经沙场,48.7,55,55,6.3,10636.46
挂件-k金ct,,131.2,143,143,11.8,10648.26
摩托手套-清凉薄荷,略有磨损,5856,6140,6140,284,10932.26
m4a4-荷鲁斯之眼,久经沙场,1393.5,1430,1430,36.5,10968.76
awp-镀铬大炮,久经沙场,284,287,287,3,10971.76
摩托手套-清凉薄荷,战痕累累,1335,1410,1410,75,11046.76
摩托手套-清凉薄荷,破损不堪,2330,2400,2400,70,11116.76
封装的涂鸦-咆哮黎明,,29,35,35,6,11122.76
m4a4-合纵,略有磨损,510,545,545,35,11157.76
p2000-银质,崭新出厂,235,249,249,14,11171.76
挂件-k金t,,255,320,320,65,11236.76
摩托手套-清凉薄荷,破损不堪,2378,2450,2450,72,11308.76
摩托手套-清凉薄荷,久经沙场,3100,3460,3494,394,11702.76
蝴蝶刀-表面淬火,久经沙场,8300,8996,8816.08,516.08,12218.84
弯刀-表面淬火,久经沙场,3690,3987,3907.26,217.26,12436.1
裹手-套印,略有磨损,2363,2355,2355,-8,12428.1
尼泊尔-渐变之色,崭新出厂,4405,4399,4399,-6,12422.1
沙漠之鹰-沙漠之狐,略有磨损,2247,2250,2250,3,12425.1
挂件-k金t,,271,305,305,34,12459.1
沙漠之鹰-沙漠之狐,崭新出厂,3006,3590.84,3518.2,512.2,12971.3
印花-somebody(金色）2024,,519,590,584,65,13036.3
p250-阿佩普之咒,崭新出厂,630,750,742.5,112.5,13148.8
沙漠之鹰-沙漠之狐,崭新出厂,2560,2630,2630,70,13218.8
蝴蝶刀-表面淬火,破损不堪,7510,8046,7885.08,375.08,13593.88
摩托手套-清凉薄荷,战痕累累,1470,1492,1460,-10,13583.88
尼泊尔-表面淬火,久经沙场,2134,2402,2353.96,219.96,13803.84
挂件-k金ct,,141.77,139,139,-2.77,13801.07
挂件-k金ct,,140.83,141,141,0.17,13801.24
尼泊尔-蓝钢,久经沙场,1686,1695,1695,9,13810.24
运动手套-双栖,破损不堪,3400,3430,3430,30,13840.24
ak47-传承,久经沙场,741,763,755.37,14.37,13854.61
摩托手套-清凉薄荷,久经沙场,3366,3330,3330,-36,13818.61
m4a4-荷鲁斯之眼,久经沙场,1451,1445,1445,-6,13812.61
弯刀-多普勒（红宝石）,崭新出厂,7290,7480,7405.2,115.2,13927.81
蝴蝶刀-表面淬火,战痕累累,7200,7390,7242.2,42.2,13970.01
挂件-k金t,,277,250,248,-29,13941.01
挂件-k金t,,276,270,268,-8,13933.01
专业手套-深红之网,久经沙场,1850,1920,1920,70,14003.01
挂件-k金t,,290,310,306.9,16.9,14019.91
爪子刀-噩梦之夜,略有磨损,6890,7000,7000,110,14129.91
挂件-k金ct,,128,118,116.82,-11.18,14118.73
挂件-k金t,,239,255,252.45,13.45,14132.18
挂件-k金ct,,128,113,112,-16,14116.18
摩托手套-清凉薄荷,久经沙场,3274,3740,3702.6,428.6,14544.78
蝴蝶刀-自动化,战痕累累,8900,9600,9504,604,15148.78
mp9-latte rush,久经沙场,163,157,155.43,-7.57,15141.21
沙漠之鹰-沙漠之狐,久经沙场,1832,1950,1930.5,98.5,15239.71
mp9-latte rush,久经沙场,134,140,138.6,4.6,15244.31
蝴蝶刀-自动化,战痕累累,8835,9997,9797.06,962.06,16206.37
沙漠之鹰-沙漠之狐,久经沙场,1159.5,1180,1168.2,8.7,16215.07
摩托手套-boom,久经沙场,1328,2000,1910,582,16797.07
加利尔-彩虹勺,久经沙场,345,350,346.5,1.5,16798.57
awp-印花集,久经沙场,664,689,710.91,46.91,16845.48
尼泊尔-枯焦之色,久经沙场,1044,1090,1079.1,35.1,16880.58
蝴蝶刀-大马士革钢,破损不堪,8517,8550,8550,33,16913.58
沙漠之鹰-沙漠之狐,战痕累累,829,900,882,53,16966.58
mp9-latte rush,久经沙场,104,139,137.61,33.61,17000.19
尼泊尔-枯焦之色,破损不堪,855,920,910.8,55.8,17055.99
摩托手套-小心烟雾弹,久经沙场,1200,1250,1237.5,37.5,17093.49
awp-锦虎,崭新出厂,2200,1700,1745.5,-454.5,16638.99
awp-印花集,崭新出厂,2563,2660,2633.4,70.4,16709.39
鲍伊猎刀-自动化,崭新出厂,3400,5932,5813.36,2413.36,19122.75
流浪者匕首-致命紫罗兰,久经沙场,1785,1870,1851.3,66.3,19189.05
沙漠之鹰-沙漠之狐,崭新出厂,2700,2850,2793,93,19282.05
尼泊尔-表面淬火,略有磨损,2768,2871,2813.58,45.58,19327.63
蝴蝶刀-大马士革钢,久经沙场,8399,8890,8801.1,402.1,19729.73
弯刀-黑色层压板,略有磨损,975,1000,990,15,19744.73
系绳匕首-深红之网,久经沙场,1200,1250,1237.5,37.5,19782.23
mp9-latte rush,久经沙场,117,150,148.5,31.5,19813.73
摩托手套-清凉薄荷,破损不堪,2450,2765,2737.35,287.35,20101.08
sg553-电子脉冲,略有磨损,39.1,53,52.47,13.37,20114.45
蝴蝶刀-自动化（st）,战痕累累,8130,8693,8519.14,389.14,20503.59
沙漠之鹰-沙漠之狐,略有磨损,1580,1799,1763.02,183.02,20686.61
加利尔-彩虹勺,久经沙场,301,317,313.83,12.83,20699.44
流浪者匕首-虎牙,崭新出厂,3511,3720,3682.8,171.8,20871.24
蝴蝶刀-表面淬火,破损不堪,7740,8506,8335.88,595.88,21467.12
m4a1-二号玩家（st）,略有磨损,669,700,693,24,21491.12
awp-镀铬大炮,久经沙场,179,191,189.09,10.09,21501.21
cz75-相柳（st）,略有磨损,178,210,207.9,29.9,21531.11
流浪者匕首-大马士革钢,崭新出厂,2365,2480,2455.2,90.2,21621.31
摩托手套-boom,久经沙场,1410,1500,1485,75,21696.31
摩托手套-清凉薄荷,破损不堪,2625,2800,2744,119,21815.31
流浪者匕首-多普勒,崭新出厂,6600,7050,6979.5,379.5,22194.81
流浪者匕首-虎牙,崭新出厂,3540,3675,3638.25,98.25,22293.06
尼泊尔-表面淬火,破损不堪,1620,1852,1814.96,194.96,22488.02
加利尔-彩虹勺,久经沙场,301,349,345.51,44.51,22532.53
弯刀-都市伪装,久经沙场,930,985,975.15,45.15,22577.68
骷髅匕首-渐变大理石,崭新出厂,6950,7080,7009.2,59.2,22636.88
usp-猎户,略有磨损,390,394,394,4,22640.88
蝴蝶刀-表面淬火,破损不堪,7829,7900,7900,71,22711.88
刺刀-表面淬火,略有磨损,3070,3070,3070,0,22711.88
流浪者匕首-致命紫罗兰,久经沙场,1877,1915,1895.85,18.85,22730.73
mp9-latte rush,久经沙场,128,160,156.8,28.8,22759.53
m4a4-合纵,久经沙场,210,199,196,-14,22745.53
mac-10-潜行者,久经沙场,94.7,105,102.9,8.2,22753.73
法玛斯-纪念碑,久经沙场,54.2,53.1,52.569,-1.63,22752.1
cz75-相柳,久经沙场,71,108,106.92,35.92,22788.02
蝴蝶刀-表面淬火,久经沙场,8130,8617,8444.66,314.66,23102.68
awp-印花集,久经沙场,606,630,623.7,17.7,23120.38
awp-印花集,久经沙场,607,630,623.7,16.7,23137.08
弯刀-澄澈之水,久经沙场,1030,1100,1089,59,23196.08
熊刀-大马士革钢,久经沙场,1130,1220,1207.8,77.8,23273.88
m4a4-龙王,崭新出厂,233,290,287.1,54.1,23327.98
awp-印花集,久经沙场,610,624,617.76,7.76,23335.74
摩托手套-清凉薄荷,破损不堪,2699,2960,2930.4,231.4,23567.14
cz75-相柳,略有磨损,114,175,173.25,59.25,23626.39
mp9-latte rush,久经沙场,135,165,163.35,28.35,23654.74
m4a4-合纵,久经沙场,210,258,255.42,45.42,23700.16
熊刀-夜色,久经沙场,1082,1108,1096.92,14.92,23715.08
海豹短刀-枯焦之色,久经沙场,1113,1180,1168.2,55.2,23770.28
海豹短刀-枯焦之色,久经沙场,1114,1175,1163.25,49.25,23819.53
弯刀-澄澈之水,久经沙场,1037,1090,1079.1,42.1,23861.63
尼泊尔-都市伪装,略有磨损,1118,1190,1178.1,60.1,23921.73
摩托手套-清凉薄荷,破损不堪,2888,3500,3377.88,489.88,24411.61
蝴蝶刀-表面淬火,破损不堪,8097,8180,8098.2,1.2,24412.81
mp9-latte rush,久经沙场,157,163.3,160.034,3.03,24415.84
尼泊尔-人工染色,崭新出厂,2588,2695,2641.1,53.1,24468.94
m4a4-合纵,久经沙场,227,266,263.34,36.34,24505.28
尼泊尔-表面淬火,久经沙场,2120,2250,2205,85,24590.28
蝴蝶刀-表面淬火,破损不堪,10200,10946,10727.08,527.08,25117.36
尼泊尔-人工染色,略有磨损,1233,1233,1220.67,-12.33,25105.03
m4a4-地狱烈焰（st）,崭新出厂,1500,1580,1564.2,64.2,25169.23
m4a4-合纵,久经沙场,269,390,382.2,113.2,25282.43
骷髅,崭新出厂,9500,9730,9632.7,132.7,25415.13
,,,,,0,25415.13
,,,,,0,25415.13